{"summary": {"bleu_result": {"bleu": 0.15829331380207273, "precisions": [0.37150442477876106, 0.17933130699088146, 0.11398121387283237, 0.08267932104398613], "brevity_penalty": 1.0, "length_ratio": 1.3974771209497898, "translation_length": 5650, "reference_length": 4043}, "rouge_result": {"rouge1": 0.45447270311661103, "rouge2": 0.24885967940424847, "rougeL": 0.35387858283120843, "rougeLsum": 0.35841053353562646}, "bert_result": {"mean_precision": 0.8892827577758253, "mean_recall": 0.8941469422557897, "mean_f1": 0.8915315270423889}}, "_wandb": {"runtime": 307}}